Industry,Experience_Level,Employee_Count
" Buyer","11 - 20 years",1
Academia,"2 - 4 years",2
Academia,"8 - 10 years",1
"Academia ","8 - 10 years",1
"Academia / Research","11 - 20 years",1
"Academia--cell and molecular biology","5-7 years",1
"Academic Medicine ","8 - 10 years",1
"Academic publishing","11 - 20 years",2
"Academic Publishing","8 - 10 years",1
"Academic research","11 - 20 years",2
"academic research","2 - 4 years",1
"Academic research","5-7 years",1
"Academic research","8 - 10 years",1
"Academic research (Psychology)","2 - 4 years",1
"Academic science","8 - 10 years",2
"Academic Science ","8 - 10 years",1
"Academic/nonprofit research","1 year or less",1
accessibility,"11 - 20 years",1
Accessibility,"8 - 10 years",1
"Accounting, Banking & Finance","1 year or less",29
"Accounting, Banking & Finance","11 - 20 years",487
"Accounting, Banking & Finance","2 - 4 years",161
"Accounting, Banking & Finance","21 - 30 years",218
"Accounting, Banking & Finance","31 - 40 years",61
"Accounting, Banking & Finance","41 years or more",6
"Accounting, Banking & Finance","5-7 years",252
"Accounting, Banking & Finance","8 - 10 years",292
Actuarial,"1 year or less",1
Administration,"5-7 years",1
"Administration ","11 - 20 years",1
"Administration (food service)","11 - 20 years",1
"Administration in MLM","8 - 10 years",1
"Administration, IT","31 - 40 years",1
"Administrative ","8 - 10 years",1
"Administrative Support","11 - 20 years",1
"Administrative Work","8 - 10 years",1
"Adult education","2 - 4 years",1
Aerospace,"11 - 20 years",3
"Aerospace ","8 - 10 years",1
"Aerospace & Defense","11 - 20 years",1
"Aerospace and Defense","1 year or less",1
"Aerospace and Defense","11 - 20 years",1
"Aerospace and Defense Manufacturing","21 - 30 years",1
"Aerospace and Defense/Government Contracting","5-7 years",1
"Aerospace contracting","11 - 20 years",1
"aerospace data","5-7 years",1
"Aerospace/Aviation ","8 - 10 years",1
"Affordable Housing Real Estate Development (nonprofit)","11 - 20 years",1
"Agriculture or Forestry","1 year or less",2
"Agriculture or Forestry","11 - 20 years",35
"Agriculture or Forestry","2 - 4 years",9
"Agriculture or Forestry","21 - 30 years",9
"Agriculture or Forestry","31 - 40 years",5
"Agriculture or Forestry","41 years or more",1
"Agriculture or Forestry","5-7 years",10
"Agriculture or Forestry","8 - 10 years",34
"Agriculture/Agriculture Chemical ","8 - 10 years",1
Airline,"11 - 20 years",1
"Analytical Chemistry","31 - 40 years",1
"Analytical lab","8 - 10 years",1
Analytics,"21 - 30 years",1
"Animal Care","21 - 30 years",1
"Animal care","5-7 years",1
"Animal Caretaker","11 - 20 years",1
"Animal Health","11 - 20 years",1
"Animal health industry","21 - 30 years",1
"Animal Health Product Manufacturing","11 - 20 years",1
"Animal welfare","11 - 20 years",1
Animation,"8 - 10 years",1
Apparel,"11 - 20 years",1
"Apparel ","8 - 10 years",1
"apparel design/product development ","5-7 years",1
"Apparel manufacture","41 years or more",1
Archaeologist,"31 - 40 years",1
Archaeology,"11 - 20 years",1
"Archaeology / Cultural Resource Management","11 - 20 years",1
"Archaeology/Cultural Resource Manager","11 - 20 years",1
Architect,"11 - 20 years",1
"Architect ","11 - 20 years",1
"Architectural/Land Planning/Civil Engineering","21 - 30 years",1
Architecture,"11 - 20 years",8
Architecture,"2 - 4 years",3
Architecture,"21 - 30 years",2
Architecture,"5-7 years",1
architecture,"8 - 10 years",3
"Architecture ","11 - 20 years",1
"Architecture ","2 - 4 years",1
"Architecture ","5-7 years",2
"Architecture ","8 - 10 years",2
"Architecture / Engineering","21 - 30 years",1
"Architecture & Construction","21 - 30 years",1
"Architecture, Engineering, Construction","11 - 20 years",1
Architecture/Construction,"5-7 years",1
Archives,"31 - 40 years",1
Archives,"5-7 years",1
Archives,"8 - 10 years",2
"Archives ","8 - 10 years",1
"Art & Design","1 year or less",2
"Art & Design","11 - 20 years",81
"Art & Design","2 - 4 years",34
"Art & Design","21 - 30 years",16
"Art & Design","31 - 40 years",1
"Art & Design","5-7 years",55
"Art & Design","8 - 10 years",62
"Arts Administration ","11 - 20 years",1
"Arts, Culture and Heritage","2 - 4 years",1
Association,"2 - 4 years",1
"Association Management ","5-7 years",1
"Auction House","1 year or less",1
"Auto Mfg.","21 - 30 years",1
"auto repair","11 - 20 years",1
"Auto Repair","21 - 30 years",1
Automotive,"11 - 20 years",3
Automotive,"2 - 4 years",1
Automotive,"21 - 30 years",2
Automotive,"5-7 years",2
"Automotive ","11 - 20 years",1
"Automotive ","5-7 years",1
"Automotive finance and insurance","11 - 20 years",1
"Automotive repair","11 - 20 years",2
"Automotive technician","21 - 30 years",1
"Automtive Repair","31 - 40 years",1
Aviation,"11 - 20 years",1
aviation,"21 - 30 years",1
Aviation,"8 - 10 years",1
"B2B Services ","21 - 30 years",1
"Background Screening","11 - 20 years",1
Beauty,"11 - 20 years",1
"Beauty /CPG ","8 - 10 years",1
"Beauty Manufacturing & Education ","8 - 10 years",1
"Beauty, Cosmetics, Fragrance","11 - 20 years",1
"Beauty/service industry ","21 - 30 years",1
"Beer sales","21 - 30 years",1
"Behavior analysis/mental health","5-7 years",1
"Benefits Administration","11 - 20 years",2
Beverage,"5-7 years",2
"Beverage & Spirits","11 - 20 years",1
"Beverage Distribution","11 - 20 years",1
"Beverage Production","11 - 20 years",1
"Big Pharma","21 - 30 years",1
"Bio tech","41 years or more",1
"Bioinformatics ","11 - 20 years",1
"biological research","2 - 4 years",1
"Biological Sciences","2 - 4 years",1
Biology,"2 - 4 years",1
Biology/Research,"8 - 10 years",1
"Biomedical Research","11 - 20 years",2
"Biomedical Research","2 - 4 years",2
"Biomedical research","5-7 years",2
"biomedical research","8 - 10 years",4
Biopharma,"11 - 20 years",1
Biopharma,"2 - 4 years",1
Biopharma,"21 - 30 years",1
Biopharma,"8 - 10 years",1
Biopharmaceuticals,"5-7 years",1
"Bioscience Company","11 - 20 years",1
Biotech,"1 year or less",1
Biotech,"11 - 20 years",15
Biotech,"2 - 4 years",11
Biotech,"21 - 30 years",4
Biotech,"5-7 years",7
Biotech,"8 - 10 years",7
"Biotech ","11 - 20 years",1
"Biotech ","5-7 years",1
"Biotech (R&D) ","2 - 4 years",1
"Biotech / life sciences ","21 - 30 years",1
"Biotech / Pharmaceutical Industry","5-7 years",1
"Biotech / Research","8 - 10 years",1
"Biotech industry","31 - 40 years",1
"Biotech manufacturing","21 - 30 years",1
"Biotech pharmaceuticals","31 - 40 years",1
"Biotech R&D","5-7 years",1
"Biotech Research","11 - 20 years",1
"Biotech research ","11 - 20 years",1
"Biotech/Drug Development","8 - 10 years",2
"Biotech/Food Safety","11 - 20 years",1
Biotech/Pharma,"1 year or less",2
Biotech/Pharma,"11 - 20 years",4
Biotech/Pharma,"2 - 4 years",2
Biotech/Pharma,"21 - 30 years",1
Biotech/pharma,"5-7 years",1
Biotech/pharma,"8 - 10 years",1
Biotech/pharmaceuticals,"11 - 20 years",1
Biotech/Pharmaceuticals,"2 - 4 years",1
"Biotech/pharmaceuticals ","11 - 20 years",2
Biotechnology,"11 - 20 years",2
Biotechnology,"2 - 4 years",2
Biotechnology,"5-7 years",5
Biotechnology,"8 - 10 years",5
"Biotechnology ","11 - 20 years",2
"Biotechnology ","2 - 4 years",1
"biotechnology ","41 years or more",1
"Biotechnology ","8 - 10 years",1
Bitech,"11 - 20 years",1
"Book Publishing","11 - 20 years",2
"Book Publishing","2 - 4 years",1
"Book publishing","21 - 30 years",1
"Book Publishing","5-7 years",1
"Brain research ","11 - 20 years",1
Brewing,"8 - 10 years",1
"Business or Consulting","1 year or less",29
"Business or Consulting","11 - 20 years",211
"Business or Consulting","2 - 4 years",109
"Business or Consulting","21 - 30 years",67
"Business or Consulting","31 - 40 years",17
"Business or Consulting","41 years or more",2
"Business or Consulting","5-7 years",135
"Business or Consulting","8 - 10 years",128
"Business Process Outsourcing","11 - 20 years",1
"Business Process Outsourcing ","2 - 4 years",1
"Call center","11 - 20 years",1
"CALL CENTER","21 - 30 years",1
"Cancer research, not for profit","31 - 40 years",1
Cannabis,"11 - 20 years",2
Cannabis,"5-7 years",2
Cannabis,"8 - 10 years",1
"Career & Technical Training","11 - 20 years",1
Caregiver,"11 - 20 years",1
"CBD Manufacturing","5-7 years",1
Charity,"5-7 years",1
Chemical,"2 - 4 years",1
"Chemical Manufacturing","11 - 20 years",1
"Chemicals ","11 - 20 years",1
"Chemicals/ Materials","5-7 years",1
Chemistry,"2 - 4 years",1
Chemistry,"8 - 10 years",1
"Child care","11 - 20 years",2
"Child Care Resource and Referral Agency","5-7 years",1
Childcare,"11 - 20 years",1
Childcare,"5-7 years",1
"childcare ","5-7 years",1
"Children's Book Wholesale","11 - 20 years",1
"Church ministry","31 - 40 years",1
"Clean Energy (eg. energy efficiency, renewables, etc.)","8 - 10 years",1
Clergy,"11 - 20 years",1
Clergy,"2 - 4 years",1
Clergy,"8 - 10 years",1
"Clinical & Translational Reserach","21 - 30 years",1
"Clinical research","11 - 20 years",1
"clinical research","8 - 10 years",3
"Clinical Research ","5-7 years",1
"Clinical research ","8 - 10 years",1
"Clinical research and development ","11 - 20 years",1
"Clinical Research Manager - academic institution","8 - 10 years",1
"Clinical trials","11 - 20 years",1
"clinical trials research coordination","21 - 30 years",1
coaching,"21 - 30 years",1
"Coffee - Importing","8 - 10 years",1
"College Athletics","2 - 4 years",1
"Commercial Building Material Distribution","21 - 30 years",1
"Commercial Fisherman","8 - 10 years",1
"Commercial furniture","5-7 years",1
"Commercial Real Estate","1 year or less",1
"Commercial Real Estate","11 - 20 years",2
"Commercial Real Estate","2 - 4 years",1
"Commercial Real Estate","8 - 10 years",1
"Commercial Real Estate ","11 - 20 years",1
"Commercial Real Estate ","21 - 30 years",1
"Commercial Real Estate - Private Equity","5-7 years",1
"Commercial Real Estate Data and Analytics/Research","11 - 20 years",1
"Commercial real estate tenancy","5-7 years",1
"commodities trading","31 - 40 years",1
"Communication Research","5-7 years",1
Communications,"11 - 20 years",1
Communications,"2 - 4 years",1
Communications,"5-7 years",2
Communications,"8 - 10 years",1
"Community Management","21 - 30 years",1
Compliance,"8 - 10 years",1
"Computing or Tech","1 year or less",63
"Computing or Tech","11 - 20 years",1257
"Computing or Tech","2 - 4 years",365
"Computing or Tech","21 - 30 years",581
"Computing or Tech","31 - 40 years",92
"Computing or Tech","41 years or more",13
"Computing or Tech","5-7 years",584
"Computing or Tech","8 - 10 years",628
"Computing/Tech + Higher Ed + Nonprofit","1 year or less",1
Concrete,"11 - 20 years",1
Construction,"11 - 20 years",2
Construction,"21 - 30 years",1
Construction,"5-7 years",1
Construction,"8 - 10 years",2
"Construction ","11 - 20 years",1
"Construction ","2 - 4 years",2
"Construction ","21 - 30 years",1
"Construction / Stone industry","2 - 4 years",1
"Construction Management","1 year or less",1
"Construction, mining, manufacturing","21 - 30 years",1
Consultant,"11 - 20 years",1
Consulting,"11 - 20 years",2
Consulting,"21 - 30 years",1
Consulting,"8 - 10 years",2
"Consulting ","2 - 4 years",1
"Consulting / Professional Services","5-7 years",1
"Consulting Operations- Big 4","11 - 20 years",1
"Consumer food products ","11 - 20 years",1
"Consumer Good (Toys)","11 - 20 years",1
"Consumer Goods","1 year or less",1
"Consumer goods","11 - 20 years",5
"Consumer goods","8 - 10 years",1
"Consumer Goods Production","5-7 years",1
"Consumer Packaged Goods","11 - 20 years",2
"Consumer packaged goods","21 - 30 years",2
"Consumer Packaged Goods","8 - 10 years",1
"Consumer packaged goods ","8 - 10 years",1
"consumer product design","11 - 20 years",1
"Consumer Product Organization ","11 - 20 years",1
"consumer products","21 - 30 years",1
"Consumer Products design ","11 - 20 years",1
"Consumer Research","8 - 10 years",1
"Contact Center","11 - 20 years",1
"Content Review - Copyright/DMCA","11 - 20 years",1
"Contract Research","2 - 4 years",1
"Contract research organisation","8 - 10 years",1
"Corporate accounting in death care (funeral & cemetery)","11 - 20 years",1
"Corporate Learning and Development","21 - 30 years",1
"Corporate service management","5-7 years",1
"Corporate sustainability ","2 - 4 years",1
"Corporate Sustainability ","5-7 years",1
"Corporate Training","21 - 30 years",1
"Corporate Travel Industry","31 - 40 years",1
"Costruction admin","8 - 10 years",1
Counseling,"5-7 years",1
CPG,"2 - 4 years",1
"CPG / Retail","5-7 years",1
"Cultural Heritage","8 - 10 years",1
"Cultural Resource Management","21 - 30 years",1
"Cultural Resources Management/Major Univ.","11 - 20 years",1
Culture,"2 - 4 years",1
"Customer Service","11 - 20 years",1
"Customer service","2 - 4 years",1
"Customer Service","5-7 years",2
"Customer service/call center","11 - 20 years",1
"Customer service/publishing-adjacent ","5-7 years",1
"Data Analytics","2 - 4 years",1
"Data Breach","8 - 10 years",1
"Data Entry","8 - 10 years",1
"Database subscription services","41 years or more",1
Defense,"11 - 20 years",2
Defense,"2 - 4 years",1
Defense,"21 - 30 years",1
Defense,"8 - 10 years",2
"Defense ","5-7 years",1
"Defense contracting","11 - 20 years",2
"Defense Contractor","8 - 10 years",1
"Delivery and installation for commercial machinery","11 - 20 years",1
"Diagnostic Medical Devices","2 - 4 years",1
Digital,"8 - 10 years",1
"digital commerce / ecommerce","5-7 years",1
"Digital Marketing","11 - 20 years",1
"digital marketing within a book publishing company (please reclassify as you see fit)","11 - 20 years",1
"Disability services ","8 - 10 years",1
Distribution,"11 - 20 years",1
"Diversity, Equity & Inclusion ","8 - 10 years",1
"Drug development ","21 - 30 years",1
E-commerce,"2 - 4 years",3
E-commerce,"8 - 10 years",2
"E-commerce ","8 - 10 years",1
e-learning,"2 - 4 years",1
Eap,"8 - 10 years",1
"Early childhood education","21 - 30 years",1
"Early Childhood Education","8 - 10 years",1
"Early childhood education (preschool)","31 - 40 years",1
"Early Education","2 - 4 years",1
"Early Education (corporate office)","8 - 10 years",1
"Earth sciences","2 - 4 years",1
Ecommerce,"21 - 30 years",1
"ECommerce ","11 - 20 years",1
"Ecommerce - Technology","2 - 4 years",1
"Ecommerce fraud","21 - 30 years",1
economics,"11 - 20 years",1
"Ed Tech","5-7 years",1
"Ed tech","8 - 10 years",1
"Editor in educational publishing","21 - 30 years",1
Edtech,"5-7 years",1
"Educ tech","31 - 40 years",1
"Education (early childhood)","21 - 30 years",1
"Education (Higher Education)","1 year or less",14
"Education (Higher Education)","11 - 20 years",608
"Education (Higher Education)","2 - 4 years",115
"Education (Higher Education)","21 - 30 years",220
"Education (Higher Education)","31 - 40 years",75
"Education (Higher Education)","41 years or more",6
"Education (Higher Education)","5-7 years",226
"Education (Higher Education)","8 - 10 years",308
"Education (Other)","11 - 20 years",1
"Education (Primary/Secondary)","1 year or less",7
"Education (Primary/Secondary)","11 - 20 years",225
"Education (Primary/Secondary)","2 - 4 years",46
"Education (Primary/Secondary)","21 - 30 years",78
"Education (Primary/Secondary)","31 - 40 years",28
"Education (Primary/Secondary)","41 years or more",1
"Education (Primary/Secondary)","5-7 years",67
"Education (Primary/Secondary)","8 - 10 years",106
"Education Consulting","11 - 20 years",1
"Education Publishing ","5-7 years",1
"Education research- mix of Edtech and non profits","8 - 10 years",1
"Education service provider","11 - 20 years",1
"Education services (tutoring)","11 - 20 years",1
"Education start-up","2 - 4 years",1
"education writing","2 - 4 years",1
"Education- museum/public outreach ","21 - 30 years",1
Education/vocational,"21 - 30 years",1
"Educational assessment","11 - 20 years",1
"Educational Publishing","11 - 20 years",1
"educational publishing","21 - 30 years",2
"Educational publishing / ed tech","11 - 20 years",1
"Educational Research","11 - 20 years",1
"Educational technology","11 - 20 years",1
"Educational Technology - hybrid between book publishing and technology really","8 - 10 years",1
"Emergency Management","11 - 20 years",1
Energy,"11 - 20 years",6
Energy,"21 - 30 years",4
Energy,"8 - 10 years",5
"Energy (oil & gas & associated products, renewable power, etc)","21 - 30 years",1
"Energy (Oil & Gas)","21 - 30 years",1
"Energy Sector: Oil & Gas","11 - 20 years",1
"Energy Supplier","11 - 20 years",1
"Energy, Oil & Gas","21 - 30 years",1
"Energy, Oil and Gas","8 - 10 years",1
"Energy: oil & gas","21 - 30 years",1
Energy/oil,"8 - 10 years",1
"Engineering - Mining","8 - 10 years",1
"Engineering and Environmental Consulting","11 - 20 years",1
"Engineering or Manufacturing","1 year or less",29
"Engineering or Manufacturing","11 - 20 years",467
"Engineering or Manufacturing","2 - 4 years",181
"Engineering or Manufacturing","21 - 30 years",154
"Engineering or Manufacturing","31 - 40 years",32
"Engineering or Manufacturing","41 years or more",9
"Engineering or Manufacturing","5-7 years",274
"Engineering or Manufacturing","8 - 10 years",223
Entertainment,"1 year or less",1
Entertainment,"11 - 20 years",59
Entertainment,"2 - 4 years",17
Entertainment,"21 - 30 years",26
Entertainment,"31 - 40 years",8
Entertainment,"41 years or more",1
Entertainment,"5-7 years",32
Entertainment,"8 - 10 years",36
"Entertainment data","1 year or less",1
"Entrepreneur high net worth ","21 - 30 years",1
"Env. Consulting","5-7 years",1
"Enviromental ","8 - 10 years",1
Environment,"1 year or less",1
Environment,"8 - 10 years",2
"Environment - Oil and Gas","8 - 10 years",1
"Environment, health, and safety","8 - 10 years",1
Environmental,"1 year or less",1
environmental,"11 - 20 years",2
Environmental,"2 - 4 years",4
Environmental,"31 - 40 years",1
Environmental,"8 - 10 years",1
"Environmental ","2 - 4 years",2
"Environmental ","21 - 30 years",1
"Environmental ","31 - 40 years",1
"Environmental compliance","11 - 20 years",1
"Environmental compliance","8 - 10 years",1
"environmental compliance ","1 year or less",1
"environmental compliance/engineering","8 - 10 years",1
"Environmental Consulting","1 year or less",1
"Environmental consulting","11 - 20 years",2
"Environmental Consulting","21 - 30 years",1
"Environmental Consulting","31 - 40 years",1
"Environmental consulting","5-7 years",5
"Environmental Consulting","8 - 10 years",1
"Environmental Consulting ","8 - 10 years",1
"Environmental Health + Pest Control","8 - 10 years",1
"environmental health and safety","2 - 4 years",1
"Environmental health and safety compliance","11 - 20 years",1
"Environmental Planning","8 - 10 years",1
"Environmental Science","5-7 years",1
"Environmental Science","8 - 10 years",2
"Environmental science ","2 - 4 years",1
"Environmental sciences","5-7 years",1
"Environmental Sciences","8 - 10 years",1
"Environmental survey","11 - 20 years",1
"Environmental/Cultural Resource Management","5-7 years",1
"Environmnetal ","5-7 years",1
"ESL Teacher","11 - 20 years",1
"Executive Leadership Servis","21 - 30 years",1
"Executive search","11 - 20 years",1
"Executive Search","8 - 10 years",1
Faith/spirituality,"2 - 4 years",1
"Family Office","21 - 30 years",1
"Family office ","11 - 20 years",1
Fashion,"2 - 4 years",1
Fashion,"5-7 years",1
"Fashion/e-commerce ","8 - 10 years",1
"Fast casual restaurant ","8 - 10 years",1
"Federal Government Contracting","11 - 20 years",1
"Film Post-Production","5-7 years",1
Finance,"11 - 20 years",1
Finance,"21 - 30 years",1
Finance,"31 - 40 years",1
Finance,"8 - 10 years",1
"Finance ","11 - 20 years",1
"Finance/Investment Management but in legal/compliance, so back-office","5-7 years",1
Fintech,"21 - 30 years",1
Fintech,"5-7 years",1
"FinTech/Payment Processing","11 - 20 years",1
"Fire protection","8 - 10 years",1
fitness,"21 - 30 years",1
"Fitness & Entertainment","21 - 30 years",1
"FMCG development ","11 - 20 years",1
Food,"11 - 20 years",1
Food,"5-7 years",1
Food,"8 - 10 years",1
"Food & Beverage","21 - 30 years",2
"Food & Beverage","8 - 10 years",1
"Food & Beverages","8 - 10 years",1
"Food & Nutrition","8 - 10 years",1
"Food and Beverage","11 - 20 years",1
"Food and Drink ","5-7 years",1
"Food and Flavor","21 - 30 years",1
"Food demos","31 - 40 years",1
"Food distribution","31 - 40 years",1
"Food Distribution","5-7 years",1
"Food Industry","5-7 years",1
"Food Industry","8 - 10 years",1
"Food industry ","5-7 years",1
"Food Manufacture","21 - 30 years",1
"Food manufacturers ","21 - 30 years",1
"Food manufacturing","11 - 20 years",2
"Food manufacturing ","21 - 30 years",1
"Food processing","11 - 20 years",1
"Food Processing","8 - 10 years",1
"Food processing and packaging","31 - 40 years",1
"Food production","21 - 30 years",1
"Food production","8 - 10 years",1
"Food service","1 year or less",1
"Food Service","2 - 4 years",1
"Food Service","5-7 years",1
"Food service ","2 - 4 years",1
"Food Service --- Baking","11 - 20 years",1
"Food/Beverage Manufacturing- Quality/Laboratory","11 - 20 years",1
"Food/Quick Service Restaurant (QSR)","11 - 20 years",1
Foodservice,"11 - 20 years",1
"For profit education","11 - 20 years",1
Forensics,"11 - 20 years",1
"Forklift operator warehouse","5-7 years",1
"Freelance Journalism","2 - 4 years",1
"Freelance/Self-Employed Consultant ","11 - 20 years",1
Fundraising,"2 - 4 years",1
Fundraising,"21 - 30 years",1
Fundraising,"5-7 years",1
"Fundraising in Higher Education; nonclinical, nonacademic","21 - 30 years",1
Funeral,"21 - 30 years",1
"Funeral Service ","11 - 20 years",1
"Funeral Service ","8 - 10 years",1
"funeral services","8 - 10 years",1
Gambling,"11 - 20 years",1
"Game development","11 - 20 years",1
"Game Development","5-7 years",1
"Games development","8 - 10 years",1
Gaming,"2 - 4 years",1
"Gaming (Gambling)","8 - 10 years",1
Geospatial,"11 - 20 years",1
"Global Mobility","8 - 10 years",1
"Government ","8 - 10 years",1
"Government Affairs/Lobbying","11 - 20 years",1
"Government Affairs/Lobbying","21 - 30 years",1
"Government and Public Administration","1 year or less",13
"Government and Public Administration","11 - 20 years",481
"Government and Public Administration","2 - 4 years",96
"Government and Public Administration","21 - 30 years",192
"Government and Public Administration","31 - 40 years",68
"Government and Public Administration","41 years or more",7
"Government and Public Administration","5-7 years",188
"Government and Public Administration","8 - 10 years",219
"Government Contracting","11 - 20 years",1
"Government Contracting","21 - 30 years",1
"Government contracting","8 - 10 years",2
"Government contracting (data analytics and program evaluations)","5-7 years",1
"Government Contracting R&D","11 - 20 years",1
"Government Contractor","11 - 20 years",1
"Government contractor","21 - 30 years",1
"Government Contractor","31 - 40 years",1
"Government contractor","5-7 years",1
"Government contractor ","8 - 10 years",1
"Government Contractor (R&D)","5-7 years",1
"government contractor, international development","11 - 20 years",1
"Government Relation","8 - 10 years",1
"Government Relations","2 - 4 years",1
"Government Relations","5-7 years",1
"Government Relations","8 - 10 years",2
"Government Research","5-7 years",1
"Government- Scientist","11 - 20 years",1
"Govt contractor - not direct govt but they pay my company who in turn pays me","11 - 20 years",1
"Govt contractor - not directly govt but they pay me","11 - 20 years",1
"Graduate Student","8 - 10 years",1
"Grantwriting Consultants","11 - 20 years",1
"Grocery delivery","2 - 4 years",1
"Grocery Distribution","11 - 20 years",2
Gyms,"11 - 20 years",1
"Hardware Manufacturing","5-7 years",1
"Haz/Ind/Rad Waste Management ","21 - 30 years",1
"Health and fitness","11 - 20 years",1
"Health care","1 year or less",32
"Health care","11 - 20 years",501
"Health care","2 - 4 years",125
"Health care","21 - 30 years",217
"Health care","31 - 40 years",59
"Health care","41 years or more",10
"Health care","5-7 years",209
"Health care","8 - 10 years",260
"Health Insurance ","21 - 30 years",1
"Health Research","5-7 years",1
"Healthcare Information Technology","11 - 20 years",1
"Healthcare IT","21 - 30 years",1
"Healthcare technology ","8 - 10 years",1
Heritage,"11 - 20 years",1
"Heritage ","2 - 4 years",1
"Heritage/Public History","5-7 years",1
"High end outdoor furniture manufacturer ","11 - 20 years",1
"Higher education fundraising","11 - 20 years",1
"Higher education/Libraries","8 - 10 years",1
"Historic Preservation","11 - 20 years",1
"Horticulture (Admin)","21 - 30 years",1
"Hospitality & Events","1 year or less",6
"Hospitality & Events","11 - 20 years",68
"Hospitality & Events","2 - 4 years",6
"Hospitality & Events","21 - 30 years",29
"Hospitality & Events","31 - 40 years",5
"Hospitality & Events","41 years or more",1
"Hospitality & Events","5-7 years",32
"Hospitality & Events","8 - 10 years",39
Housekeeper/cook,"11 - 20 years",1
HRO,"11 - 20 years",1
"Human Capital Management","2 - 4 years",1
"Human Resources","8 - 10 years",1
"Hybrid Nonprofit Higher Education (we are part of a university but our entire budget comes from grants)","11 - 20 years",1
"I have two jobs. Marketing / Business ","2 - 4 years",1
"I work for Indeed.com","21 - 30 years",1
"I work in the finance function of a large global conglomerate","5-7 years",1
"In-House Marketing","5-7 years",1
"individual & family services","11 - 20 years",1
"Industrial Cleaning & Non Hazardous Transport","11 - 20 years",1
"Industrial Hygiene","8 - 10 years",1
"Industrial Supply","21 - 30 years",1
"Information Management/Archives","2 - 4 years",1
"Information services (libraries)","11 - 20 years",1
"Information services (library)","11 - 20 years",1
"Information Services/Libraries","11 - 20 years",1
"Information Technology","41 years or more",1
"Information technology (IT)","5-7 years",1
"Instructional Design and Training","21 - 30 years",1
"Instructional Design, Aviation Industry","8 - 10 years",1
"Instructional Designer","11 - 20 years",1
Insurance,"1 year or less",4
Insurance,"11 - 20 years",156
Insurance,"2 - 4 years",37
Insurance,"21 - 30 years",82
Insurance,"31 - 40 years",24
Insurance,"41 years or more",1
Insurance,"5-7 years",72
Insurance,"8 - 10 years",85
Intelligence,"8 - 10 years",1
"Intergovernmental organization","11 - 20 years",1
"Interior Design (commercial)","2 - 4 years",1
"Interior Design & Architecture","21 - 30 years",1
"Interior landscaping ","8 - 10 years",1
"Internal Communications","11 - 20 years",1
"International defence","11 - 20 years",1
"International Development","11 - 20 years",1
"International Development","2 - 4 years",1
"International development","31 - 40 years",1
"International Development","5-7 years",1
"International development","8 - 10 years",2
"International development (multilateral donor)","8 - 10 years",1
Internet,"11 - 20 years",1
Interpretation,"8 - 10 years",1
Investing,"11 - 20 years",1
IT,"11 - 20 years",1
IT,"2 - 4 years",1
IT,"8 - 10 years",1
"IT MSP","21 - 30 years",1
"IT Security","8 - 10 years",1
Journalism,"8 - 10 years",1
"labor union","21 - 30 years",2
"Labor Union","31 - 40 years",1
"Labor Union","5-7 years",1
"labour/professional organization","8 - 10 years",1
"Landed Estate","11 - 20 years",1
"Landscape Architecture","8 - 10 years",1
"Landscape Contracting","8 - 10 years",1
"Landscaping/Tree Work","5-7 years",1
"Language Services company, unsure the broad category to use. Our clients are branding agencies, and their clients are frequently (but not always) pharmaceutical companies.","5-7 years",1
Law,"1 year or less",8
Law,"11 - 20 years",272
Law,"2 - 4 years",89
Law,"21 - 30 years",92
Law,"31 - 40 years",34
Law,"41 years or more",8
Law,"5-7 years",171
Law,"8 - 10 years",180
"Law Enforcement & Security","1 year or less",2
"Law Enforcement & Security","11 - 20 years",14
"Law Enforcement & Security","2 - 4 years",5
"Law Enforcement & Security","21 - 30 years",5
"Law Enforcement & Security","5-7 years",1
"Law Enforcement & Security","8 - 10 years",7
"Learning & Development","8 - 10 years",1
"Learning and Development","8 - 10 years",1
"Legal Services","11 - 20 years",1
"Legal services","2 - 4 years",1
"Leisure, Sport & Tourism","1 year or less",2
"Leisure, Sport & Tourism","11 - 20 years",25
"Leisure, Sport & Tourism","2 - 4 years",7
"Leisure, Sport & Tourism","21 - 30 years",21
"Leisure, Sport & Tourism","5-7 years",10
"Leisure, Sport & Tourism","8 - 10 years",11
Librarian,"11 - 20 years",1
Librarian,"8 - 10 years",1
"Librarian ","11 - 20 years",1
"Librarian ","5-7 years",1
"Librarian and Assistant Manager of a library","21 - 30 years",1
"Librarian in legal setting","8 - 10 years",1
"librarian--Contractor for NASA","31 - 40 years",1
Libraries,"1 year or less",1
Libraries,"11 - 20 years",8
Libraries,"2 - 4 years",2
Libraries,"21 - 30 years",2
Libraries,"31 - 40 years",2
Libraries,"5-7 years",6
Libraries,"8 - 10 years",11
"LIBRARIES ","2 - 4 years",1
"Libraries (Medical)","11 - 20 years",1
"Libraries (Public)","11 - 20 years",1
"Libraries (public)","8 - 10 years",1
"Libraries / Archives / Information","5-7 years",1
"Libraries & Archives","2 - 4 years",1
"Libraries and Archives","2 - 4 years",1
"Libraries and Archives","5-7 years",1
"Libraries and Archives (Academic)","11 - 20 years",1
Libraries/Museums/Archives,"8 - 10 years",1
Library,"1 year or less",1
Library,"11 - 20 years",10
Library,"2 - 4 years",4
Library,"21 - 30 years",6
Library,"31 - 40 years",1
Library,"5-7 years",3
Library,"8 - 10 years",5
"Library ","11 - 20 years",1
"Library ","5-7 years",2
"Library (its a non-profit and its a govt job - how would I list that? Not all libraries are govt jobs)","8 - 10 years",1
"Library (university)","5-7 years",1
"Library and Information Services","11 - 20 years",1
"Library Page (Public county library)","2 - 4 years",1
"Library Tech for a school system","11 - 20 years",1
Library--public,"11 - 20 years",1
Library/Archive,"5-7 years",1
"Library/Archive/Research Center","21 - 30 years",1
Library/archives,"8 - 10 years",2
"Life science capability development","8 - 10 years",1
"life sciences","11 - 20 years",3
"Life Sciences","5-7 years",1
"Life Sciences ","11 - 20 years",1
"Life Sciences ","5-7 years",1
"Life sciences (not in academia)","11 - 20 years",1
Literature,"11 - 20 years",1
Lobbying,"8 - 10 years",1
"Lobbying and consulting","5-7 years",1
Maintenance,"11 - 20 years",1
"Management Consulting","11 - 20 years",1
Manufacturing,"11 - 20 years",10
Manufacturing,"21 - 30 years",7
manufacturing,"31 - 40 years",3
manufacturing,"41 years or more",3
Manufacturing,"5-7 years",2
Manufacturing,"8 - 10 years",6
"Manufacturing ","11 - 20 years",5
"Manufacturing ","2 - 4 years",1
"Manufacturing ","21 - 30 years",5
"Manufacturing ","8 - 10 years",2
"Manufacturing : corporate admin support","8 - 10 years",1
"Manufacturing (medical devices)","11 - 20 years",1
"Manufacturing (personal care)","11 - 20 years",1
"Manufacturing (pharmaceuticals) ","5-7 years",1
"Manufacturing and distributing","11 - 20 years",1
"manufacturing security systems","21 - 30 years",1
"Manufacturing, Chemical","41 years or more",1
"Manufacturing/Consumer Packaged Goods","5-7 years",1
Manufacturing/Wholesale,"8 - 10 years",1
"Market Research","11 - 20 years",4
"Market research","2 - 4 years",3
"Market research","5-7 years",4
"Marketing, Advertising & PR","1 year or less",5
"Marketing, Advertising & PR","11 - 20 years",277
"Marketing, Advertising & PR","2 - 4 years",99
"Marketing, Advertising & PR","21 - 30 years",72
"Marketing, Advertising & PR","31 - 40 years",12
"Marketing, Advertising & PR","41 years or more",2
"Marketing, Advertising & PR","5-7 years",185
"Marketing, Advertising & PR","8 - 10 years",185
MedComms,"5-7 years",1
"Media & Digital","1 year or less",5
"Media & Digital","11 - 20 years",183
"Media & Digital","2 - 4 years",54
"Media & Digital","21 - 30 years",79
"Media & Digital","31 - 40 years",11
"Media & Digital","41 years or more",2
"Media & Digital","5-7 years",104
"Media & Digital","8 - 10 years",110
"Medica education","21 - 30 years",1
"Medical communications","5-7 years",1
"Medical Communications","8 - 10 years",1
"Medical Device","11 - 20 years",1
"Medical Device","5-7 years",1
"Medical Devices","31 - 40 years",1
"Medical Devices","5-7 years",1
"Medical research","5-7 years",2
"Medical Research","8 - 10 years",2
"medical research ","11 - 20 years",1
"Medical Sciences","5-7 years",1
"Medical supply Wholesale & Warehousing","8 - 10 years",1
"Medical technology","11 - 20 years",1
"Medical Technology","2 - 4 years",1
"Medical Technology","21 - 30 years",1
"Medical/Pharmaceutical ","21 - 30 years",1
"Mental Health","8 - 10 years",1
"Mental health ","2 - 4 years",1
"Mental health therapist","11 - 20 years",1
Military,"11 - 20 years",1
"Military ","2 - 4 years",1
"Military ","21 - 30 years",1
Mining,"11 - 20 years",2
Mining,"2 - 4 years",3
Mining,"5-7 years",1
"Mining ","11 - 20 years",1
"Mining & Mineral Processing","2 - 4 years",1
"Mining and natural resources","8 - 10 years",1
"Mining/Mineral Exploration","8 - 10 years",1
"Mining/Resource Extraction","11 - 20 years",1
Ministry,"31 - 40 years",1
Ministry,"5-7 years",2
Mortgage,"2 - 4 years",1
"Multilateral Organisation ","21 - 30 years",1
"municipal (public) libraries","11 - 20 years",1
"Municipal Government (Library)","5-7 years",1
Museum,"11 - 20 years",1
Museum,"5-7 years",3
Museum,"8 - 10 years",1
"Museum - Nonprofit","11 - 20 years",1
"Museum (University Affiliated)","2 - 4 years",1
"Museum education ","8 - 10 years",1
"Museum Library","11 - 20 years",1
Museums,"11 - 20 years",5
"museums & archives (not sure where this would fall)","5-7 years",1
"Museums: Nonprofit","8 - 10 years",1
Music,"11 - 20 years",1
"Music Licensing","5-7 years",1
"music therapy ","2 - 4 years",1
"Music, education ","11 - 20 years",1
"Music: freelance, performing and education","11 - 20 years",1
"My company sells & services various types of printers, mostly Kyocera.","8 - 10 years",1
"Natural Resources","5-7 years",1
"Non profit theater","11 - 20 years",1
"Non-profit health care (I couldnâ€™t select both)","8 - 10 years",1
"Non-profit Theatre","11 - 20 years",1
"Nonprofit - legal department","5-7 years",1
"Nonprofit - LORT D Theater","2 - 4 years",1
"Nonprofit association","11 - 20 years",1
"Nonprofit scholarly society publisher","21 - 30 years",1
Nonprofits,"1 year or less",11
Nonprofits,"11 - 20 years",597
Nonprofits,"2 - 4 years",143
Nonprofits,"21 - 30 years",163
Nonprofits,"31 - 40 years",35
Nonprofits,"41 years or more",7
Nonprofits,"5-7 years",286
Nonprofits,"8 - 10 years",316
"Not for profit education consultancy","2 - 4 years",1
"not-for-profit health research consulting","11 - 20 years",1
"not-for-profit membership organization","21 - 30 years",1
"Nuclear research","8 - 10 years",1
"oceanography research","2 - 4 years",1
"Office Admin","5-7 years",1
"Office Administration","11 - 20 years",1
Oil,"11 - 20 years",1
"Oil & Gas","11 - 20 years",2
"Oil & gas","21 - 30 years",4
"Oil & Gas","8 - 10 years",6
"Oil & Gas - Non Destructive Testing","8 - 10 years",1
"Oil and Gas","11 - 20 years",5
"Oil and Gas","21 - 30 years",1
"Oil and Gas","31 - 40 years",1
"Oil and Gas","5-7 years",4
"Oil and gas ","11 - 20 years",1
"Oil and gas exploration ","11 - 20 years",1
"Oilfield adjacent","5-7 years",1
"Online learning","21 - 30 years",1
"Operational Training","1 year or less",1
Operations,"11 - 20 years",1
"Organizational Development ","11 - 20 years",1
"Organized Labor","8 - 10 years",1
"Outdoor industry/repair and maintenance","11 - 20 years",1
"Outsourced Customer Service/Tech Support Call Centre","11 - 20 years",1
"Outsourcing Services ","21 - 30 years",1
"Paid student intern in Tech","1 year or less",1
"Patent translation","11 - 20 years",1
"Payment Processing","11 - 20 years",1
"Payroll Software","5-7 years",1
"Pension Benefit Administration","11 - 20 years",1
"Per Sitter","8 - 10 years",1
"Performing Arts","5-7 years",1
"Pest Control","2 - 4 years",1
Pet,"21 - 30 years",1
"Pet Care","11 - 20 years",1
"Pet care/grooming","11 - 20 years",1
Petroleum,"31 - 40 years",1
Pharma,"11 - 20 years",7
Pharma,"21 - 30 years",3
Pharma,"31 - 40 years",1
Pharma,"8 - 10 years",4
"Pharma ","2 - 4 years",1
"pharma / medical device design and manufacturing","41 years or more",1
"Pharma & Biotech","8 - 10 years",1
"Pharma R&D","21 - 30 years",1
"Pharma research","21 - 30 years",1
"Pharma/ Research","11 - 20 years",1
Pharma/Biotech,"11 - 20 years",1
Pharma/biotech,"8 - 10 years",1
Pharma/biotechnology,"11 - 20 years",1
"Pharma/biotechnology ","2 - 4 years",1
"Pharmaceitical manufacturing","21 - 30 years",1
Pharmaceutical,"11 - 20 years",11
Pharmaceutical,"2 - 4 years",2
Pharmaceutical,"21 - 30 years",2
pharmaceutical,"31 - 40 years",1
Pharmaceutical,"5-7 years",3
"Pharmaceutical ","11 - 20 years",3
"Pharmaceutical ","2 - 4 years",1
"Pharmaceutical ","21 - 30 years",3
"Pharmaceutical ","5-7 years",1
"Pharmaceutical ","8 - 10 years",1
"Pharmaceutical company ","11 - 20 years",1
"Pharmaceutical Development","21 - 30 years",1
"Pharmaceutical Development","8 - 10 years",1
"Pharmaceutical Industry","11 - 20 years",1
"Pharmaceutical industry ","21 - 30 years",1
"Pharmaceutical Manufacturing","2 - 4 years",1
"Pharmaceutical Manufacturing","31 - 40 years",1
"Pharmaceutical manufacturing","5-7 years",1
"Pharmaceutical Manufacturing ","5-7 years",1
"Pharmaceutical R&D","1 year or less",1
"Pharmaceutical R&D","2 - 4 years",1
"Pharmaceutical R&D","21 - 30 years",1
"Pharmaceutical R&D","5-7 years",1
"Pharmaceutical research","11 - 20 years",1
"Pharmaceutical Research","2 - 4 years",1
"Pharmaceutical research","5-7 years",1
"Pharmaceutical research ","11 - 20 years",1
"Pharmaceutical research (chemist)","21 - 30 years",1
"Pharmaceutical research & development","5-7 years",1
Pharmaceutical/Biotech,"8 - 10 years",1
Pharmaceutical/biotechnology,"11 - 20 years",1
"Pharmaceutical/Contract Research Organization","21 - 30 years",1
Pharmaceuticals,"1 year or less",2
Pharmaceuticals,"11 - 20 years",6
Pharmaceuticals,"2 - 4 years",4
Pharmaceuticals,"21 - 30 years",2
Pharmaceuticals,"5-7 years",3
Pharmaceuticals,"8 - 10 years",5
"Pharmaceuticals ","11 - 20 years",1
"Pharmaceuticals ","2 - 4 years",1
"Pharmaceuticals ","21 - 30 years",1
"Pharmaceuticals ","5-7 years",1
"Pharmaceuticals / Biotech","8 - 10 years",1
"Pharmaceuticals R&D","11 - 20 years",1
Pharmaceuticals/Biotechnology,"21 - 30 years",1
Pharmacuticals,"11 - 20 years",1
PhD,"2 - 4 years",1
Philanthropy,"11 - 20 years",4
Philanthropy,"2 - 4 years",2
Philanthropy,"5-7 years",1
Philanthropy,"8 - 10 years",2
"Philanthropy ","11 - 20 years",1
"Philanthropy ","2 - 4 years",1
"Philanthropy ","8 - 10 years",1
"Physical sciences","11 - 20 years",1
Planning,"11 - 20 years",1
Plumbing,"41 years or more",2
"Policy research","5-7 years",1
"Political Campaigning","1 year or less",1
"Political Campaigns","5-7 years",3
"Political consulting ","2 - 4 years",1
"Political Research","2 - 4 years",1
Politics,"2 - 4 years",5
Politics,"5-7 years",1
Politics,"8 - 10 years",1
Politics/campaigns,"2 - 4 years",1
"Politics/Government Relations","11 - 20 years",1
"Pre-primary education","8 - 10 years",1
"Preclinical Research","21 - 30 years",1
"Print / Mail","11 - 20 years",1
"Print Distributor ","8 - 10 years",1
"Print publishing","11 - 20 years",1
Printing,"11 - 20 years",1
"Private Equity","11 - 20 years",2
"Private Sector Emergency Management","21 - 30 years",1
Procurement,"21 - 30 years",1
"Procurement ","5-7 years",1
"Procurement/Sourcing/Operations ","11 - 20 years",1
"Product Management","11 - 20 years",1
"Product Management","5-7 years",1
"Production and Manufacturing","8 - 10 years",1
"Professional Association ","5-7 years",1
"Professional Association in Finance","21 - 30 years",1
"Professional Public Librarian","11 - 20 years",1
"Professional regulation","31 - 40 years",1
"Professional Services","11 - 20 years",1
"Professional services / architecture ","2 - 4 years",1
"Professional training","11 - 20 years",1
"project management ","11 - 20 years",1
"Property Management","21 - 30 years",1
"Property or Construction","1 year or less",7
"Property or Construction","11 - 20 years",113
"Property or Construction","2 - 4 years",22
"Property or Construction","21 - 30 years",43
"Property or Construction","31 - 40 years",20
"Property or Construction","41 years or more",2
"Property or Construction","5-7 years",48
"Property or Construction","8 - 10 years",51
"Protective coatings","11 - 20 years",1
Psychology,"11 - 20 years",1
"Public affairs / PR ","5-7 years",1
"Public health","11 - 20 years",1
"Public Health","5-7 years",1
"public health","8 - 10 years",1
"Public health ","2 - 4 years",1
"Public health (not medical)","5-7 years",1
"Public health in higher education","8 - 10 years",1
"Public Health Research","8 - 10 years",1
"Public Health- state level","2 - 4 years",1
"Public Health, local government","11 - 20 years",1
"Public Librarian","5-7 years",1
"Public libraries","11 - 20 years",2
"Public Libraries","2 - 4 years",1
"Public Libraries","21 - 30 years",5
"Public Libraries","31 - 40 years",1
"Public Libraries","5-7 years",2
"Public Libraries","8 - 10 years",3
"public libraries ","11 - 20 years",1
"Public library","11 - 20 years",11
"Public Library","2 - 4 years",3
"Public Library","21 - 30 years",9
"Public Library","41 years or more",1
"Public Library","5-7 years",8
"Public Library","8 - 10 years",5
"Public Library ","11 - 20 years",2
"Public library ","5-7 years",1
"Public library ","8 - 10 years",1
"Public Library (technically City Govt.?) ","21 - 30 years",1
"Public Policy","2 - 4 years",1
"Public Policy","5-7 years",1
"Public safety","5-7 years",1
"Public safety ","8 - 10 years",1
"Public/Research Library","21 - 30 years",1
Publications,"5-7 years",1
Publishibg,"5-7 years",1
Publishing,"1 year or less",1
publishing,"11 - 20 years",6
Publishing,"2 - 4 years",5
Publishing,"21 - 30 years",6
Publishing,"31 - 40 years",1
publishing,"41 years or more",1
Publishing,"5-7 years",8
Publishing,"8 - 10 years",10
"Publishing ","2 - 4 years",1
"Publishing ","21 - 30 years",2
"Publishing ","31 - 40 years",1
"Publishing ","5-7 years",1
"Publishing (book)","11 - 20 years",1
"Publishing, content as a service","11 - 20 years",1
"Publishing: Science, Academic, Technical ","21 - 30 years",1
Purchasing,"8 - 10 years",1
"Quality Assurance","2 - 4 years",1
"Quality Assurance Laboratory ","11 - 20 years",1
R&D,"21 - 30 years",1
"R&D in Manufacturing","2 - 4 years",1
"Real Estate","11 - 20 years",7
"Real estate","2 - 4 years",5
"real estate","21 - 30 years",2
"Real Estate","31 - 40 years",1
"real estate","5-7 years",3
"Real Estate","8 - 10 years",3
"real estate ","1 year or less",1
"Real Estate ","11 - 20 years",1
"Real Estate / Housing","11 - 20 years",1
"Real Estate Corp. Office/not a Realtor","21 - 30 years",1
"Real Estate customer care","11 - 20 years",1
"Real Estate Development","8 - 10 years",1
"Real Estate Investment","8 - 10 years",1
"Real Estate Investment Support","8 - 10 years",1
"Real estate services","8 - 10 years",1
"Real estate software","21 - 30 years",1
"Real Estate Title Company","8 - 10 years",1
"Real estate valuation","2 - 4 years",1
"Real Estate/ Mortgage ","11 - 20 years",1
"Real Estate/Development","8 - 10 years",1
"Real World Evidence (data for pharma research)","21 - 30 years",1
"Recruitment or HR","1 year or less",4
"Recruitment or HR","11 - 20 years",115
"Recruitment or HR","2 - 4 years",48
"Recruitment or HR","21 - 30 years",33
"Recruitment or HR","31 - 40 years",4
"Recruitment or HR","41 years or more",1
"Recruitment or HR","5-7 years",59
"Recruitment or HR","8 - 10 years",71
"Regulatory Affairs- nutraceuticals ","11 - 20 years",1
Religion,"11 - 20 years",1
Religion/church,"11 - 20 years",1
Religious,"11 - 20 years",1
"Religious (church)","31 - 40 years",1
"Religious (synagogue)","5-7 years",1
"religious educator","21 - 30 years",1
"Religious institute","8 - 10 years",1
"Religious institution","11 - 20 years",1
"Renewable energy","11 - 20 years",4
"Renewable Energy","5-7 years",1
"Renewable Energy","8 - 10 years",1
"Renewable Energy ","21 - 30 years",1
"Renewable Energy Development","11 - 20 years",1
"Renewable fuels","8 - 10 years",1
Research,"1 year or less",1
Research,"11 - 20 years",9
Research,"2 - 4 years",10
Research,"5-7 years",3
Research,"8 - 10 years",6
"Research ","11 - 20 years",1
"Research ","5-7 years",1
"Research ","8 - 10 years",1
"Research - Public Health","2 - 4 years",1
"Research (health)","5-7 years",1
"Research & Development","11 - 20 years",2
"Research & Development","2 - 4 years",1
"Research & Development","5-7 years",2
"Research & Development ","5-7 years",1
"Research & Development (Defense Industry)","41 years or more",1
"Research & Development (Physical Sciences)","21 - 30 years",1
"Research Administration","11 - 20 years",1
"Research and development","11 - 20 years",2
"Research and Development","5-7 years",1
"Research and Development","8 - 10 years",1
"Research and Development, Food and Beverage ","5-7 years",1
"Research and Evaluation","11 - 20 years",1
"Research at a National Laboratory","2 - 4 years",1
"Research at a State University","11 - 20 years",1
"Research Institute","5-7 years",2
"Research science","5-7 years",1
"Research science","8 - 10 years",1
"Research Scientist, Pharma","31 - 40 years",1
Research/Academia,"1 year or less",1
"Research/Social Science","5-7 years",1
Restaurant,"11 - 20 years",1
Restaurant,"2 - 4 years",1
"Restaurant ","5-7 years",2
"Restaurant ","8 - 10 years",3
Restaurant/Service,"8 - 10 years",1
restoration,"11 - 20 years",1
Retail,"1 year or less",8
Retail,"11 - 20 years",125
Retail,"2 - 4 years",34
Retail,"21 - 30 years",60
Retail,"31 - 40 years",12
Retail,"41 years or more",2
Retail,"5-7 years",71
Retail,"8 - 10 years",71
"Retail mid level management","11 - 20 years",1
"Retail pharmacy","11 - 20 years",1
"Retail real estate","21 - 30 years",1
Retired,"21 - 30 years",1
Rideshare,"2 - 4 years",1
Saas,"5-7 years",2
"Saas company/software","8 - 10 years",1
Sales,"1 year or less",5
Sales,"11 - 20 years",86
Sales,"2 - 4 years",24
Sales,"21 - 30 years",32
Sales,"31 - 40 years",10
Sales,"41 years or more",3
Sales,"5-7 years",40
Sales,"8 - 10 years",39
"Sales ","8 - 10 years",1
"Sales Operations","11 - 20 years",1
"Sales operations","2 - 4 years",1
"Sales Operations ","11 - 20 years",1
Science,"11 - 20 years",2
Science,"2 - 4 years",2
Science,"21 - 30 years",1
Science,"5-7 years",5
Science,"8 - 10 years",2
"Science ","8 - 10 years",2
"Science (Laboratory)","2 - 4 years",1
"Science (Research, Biology)","11 - 20 years",1
"Science academia","2 - 4 years",1
"Science academia","5-7 years",1
"Science and reasearch","11 - 20 years",1
"Science publishing","11 - 20 years",1
"Science research","2 - 4 years",3
"Science research","5-7 years",1
"Science Research, government","21 - 30 years",1
"Science/Biotech ","8 - 10 years",1
"Science/government ","11 - 20 years",1
Science/Research,"8 - 10 years",1
"Science/Research (Academia)","2 - 4 years",1
"Science/research non-academic","11 - 20 years",1
Sciences,"5-7 years",1
Scientific,"11 - 20 years",1
Scientific,"2 - 4 years",1
"Scientific analysis","11 - 20 years",1
"Scientific publishing","11 - 20 years",1
"Scientific Research","1 year or less",2
"Scientific research","11 - 20 years",1
"Scientific Research","2 - 4 years",1
"Scientific Research","21 - 30 years",2
"Scientific Research","5-7 years",4
"Scientific research","8 - 10 years",3
"Scientific Research ","1 year or less",1
"Scientific research (industry) ","11 - 20 years",1
Scientist,"2 - 4 years",1
Scientist,"21 - 30 years",1
Scientist,"8 - 10 years",1
Security,"11 - 20 years",1
"Security and manufacturing company","2 - 4 years",1
Service,"11 - 20 years",1
"Service and repair","21 - 30 years",1
"Shared office space","31 - 40 years",1
"Sign Language Interpreter, Community","21 - 30 years",1
"Skilled trade ","11 - 20 years",1
"Small business/service company","5-7 years",1
"Social research","1 year or less",1
"Social Research","31 - 40 years",1
"Social science ","11 - 20 years",1
"social science research - not quite academia, not quite nonprofit, not quite consulting","11 - 20 years",1
"Social sciences research","2 - 4 years",1
"Social Work","1 year or less",7
"Social Work","11 - 20 years",54
"Social Work","2 - 4 years",24
"Social Work","21 - 30 years",15
"Social Work","31 - 40 years",4
"Social Work","5-7 years",36
"Social Work","8 - 10 years",37
Software,"11 - 20 years",2
Software,"21 - 30 years",2
Software,"8 - 10 years",1
"Software as a Service SaaS","11 - 20 years",1
"Software Development","21 - 30 years",1
"Software Development / IT","5-7 years",1
"Software Products","5-7 years",1
Software/programming,"21 - 30 years",1
"Sourcing & Procurement","5-7 years",1
Space,"11 - 20 years",1
"Specialist clothing","1 year or less",1
"Specialist policy consulting/research","1 year or less",1
Sports,"8 - 10 years",1
"Staffing & workforce solutions ","11 - 20 years",1
"Staffing agency","8 - 10 years",1
"Staffing Firm","11 - 20 years",1
"Staffing Industrry","11 - 20 years",1
"State DOT","21 - 30 years",1
"State-level public transportation agency","31 - 40 years",1
"STEM medical research","8 - 10 years",1
"STEM research","11 - 20 years",1
"STEM Research","2 - 4 years",1
"Storage Facility ","5-7 years",1
Strategy,"5-7 years",1
"strategy consulting","8 - 10 years",1
Student,"1 year or less",2
"student paid intern in computing","1 year or less",1
"Supply Chain","11 - 20 years",1
"Supply chain","2 - 4 years",1
"Supply Chain","31 - 40 years",1
"Supply chain","5-7 years",1
"Supply Chain Operations","11 - 20 years",1
"Supply Chain!","21 - 30 years",1
"Survey Research/Public Policy Research","5-7 years",1
Surveying,"11 - 20 years",1
"Surveying ","11 - 20 years",1
"Synthetic Chemical Manufacturing","11 - 20 years",1
"Tabletop Games Publishing","21 - 30 years",1
"Tabletop Gaming","8 - 10 years",1
Tech,"11 - 20 years",2
"Technical writing","21 - 30 years",1
Technical/Cybersecurity,"21 - 30 years",1
Technology,"21 - 30 years",1
Technology,"8 - 10 years",1
"Technology ","21 - 30 years",1
technology/SaaS,"8 - 10 years",1
Telecommunications,"5-7 years",1
"Telecommunications ","2 - 4 years",1
"Telecommunications (GPS)","11 - 20 years",1
"Textbook Copyeditor","5-7 years",1
"Think tank","11 - 20 years",1
"Third sector/non profit - medical membership in UK","11 - 20 years",1
"TIC (Testing, Inspection & Certification)","5-7 years",1
"Title/Real Estate ","11 - 20 years",1
"Tourism/Heritage -- but for a government building","5-7 years",1
Toxicology,"11 - 20 years",1
"Trade Association","11 - 20 years",3
"trade association","21 - 30 years",2
"Trade Association","8 - 10 years",1
"trade association/membership","8 - 10 years",1
"Trade Associations","5-7 years",1
"Trades (Supply Chain) Oil and Gas","11 - 20 years",1
Training,"11 - 20 years",1
Training,"31 - 40 years",1
"Training and Professional Services","21 - 30 years",1
Translation,"11 - 20 years",1
Translation,"8 - 10 years",4
"Translation ","21 - 30 years",1
"Translation ","5-7 years",1
"Translation and Localization","1 year or less",1
Translation/transcription,"11 - 20 years",1
"Transport or Logistics","1 year or less",3
"Transport or Logistics","11 - 20 years",85
"Transport or Logistics","2 - 4 years",28
"Transport or Logistics","21 - 30 years",40
"Transport or Logistics","31 - 40 years",8
"Transport or Logistics","41 years or more",1
"Transport or Logistics","5-7 years",34
"Transport or Logistics","8 - 10 years",51
Travel,"11 - 20 years",1
"Travel ","11 - 20 years",1
"Union/political organizing ","5-7 years",1
"University libraries","5-7 years",1
"University research","5-7 years",1
"University tech transfer (higher ed/marketing/writing)","2 - 4 years",1
Unknown,"1 year or less",1
Unknown,"11 - 20 years",15
Unknown,"2 - 4 years",4
Unknown,"21 - 30 years",11
Unknown,"31 - 40 years",3
Unknown,"41 years or more",1
Unknown,"5-7 years",10
Unknown,"8 - 10 years",4
"Urban Planning","5-7 years",1
"User Experience (UX) Research","11 - 20 years",1
"User Experience Design","2 - 4 years",1
"Utilities & Telecommunications","1 year or less",3
"Utilities & Telecommunications","11 - 20 years",119
"Utilities & Telecommunications","2 - 4 years",21
"Utilities & Telecommunications","21 - 30 years",43
"Utilities & Telecommunications","31 - 40 years",17
"Utilities & Telecommunications","41 years or more",2
"Utilities & Telecommunications","5-7 years",39
"Utilities & Telecommunications","8 - 10 years",47
"UX Research ","2 - 4 years",1
Veterinarian,"11 - 20 years",1
Veterinary,"11 - 20 years",4
Veterinary,"5-7 years",2
"Veterinary ","11 - 20 years",1
"Veterinary ","21 - 30 years",3
"veterinary biotech","5-7 years",1
"Veterinary care","5-7 years",1
"Veterinary m&a","8 - 10 years",1
"Veterinary medicine","11 - 20 years",1
"Veterinary medicine","21 - 30 years",2
"Veterinary medicine","5-7 years",1
"Veterinary medicine","8 - 10 years",1
"Video Game Industry","11 - 20 years",1
"video games","11 - 20 years",3
"Video Games","5-7 years",3
"Video games","8 - 10 years",1
"Virtual Assisting ","11 - 20 years",1
"Virtual reality","1 year or less",1
Warehouse,"8 - 10 years",1
"Warehouse ","21 - 30 years",1
"Warehouse- Food and Beverage ","8 - 10 years",1
"Waste Management ","41 years or more",1
Wholesale,"8 - 10 years",1
"Wholesale - Apparel","21 - 30 years",1
"Wholesale and retail trade","21 - 30 years",1
"wholesale distribution","11 - 20 years",2
"wholesale distribution","31 - 40 years",1
"Wholesale Distribution B2B","41 years or more",1
"Wholesale Industrial & Welding Supplies & Equipment","31 - 40 years",1
"Wine & Spirits","5-7 years",1
"Wine Importing/Distribution","8 - 10 years",1
"Wine Wholesale","11 - 20 years",1
Work-Study,"11 - 20 years",1
"Workforce development ","2 - 4 years",1
"Writing and journalism ","21 - 30 years",1
Zoo,"21 - 30 years",1
Zoo,"31 - 40 years",1
"Zoos and Aquariums","11 - 20 years",1
